,Timestamp,participant,final_wearing_off
0,2021-12-02 00:45:00,participant1,
1,2021-12-02 01:45:00,participant1,
2,2021-12-02 02:45:00,participant1,
3,2021-12-02 03:45:00,participant1,
4,2021-12-02 04:45:00,participant1,
5,2021-12-02 05:45:00,participant1,
6,2021-12-02 06:45:00,participant1,
7,2021-12-02 07:45:00,participant1,
8,2021-12-02 08:45:00,participant1,
9,2021-12-02 09:45:00,participant1,
10,2021-12-02 10:45:00,participant1,
11,2021-12-02 11:45:00,participant1,
12,2021-12-02 12:45:00,participant1,
13,2021-12-02 13:45:00,participant1,
14,2021-12-02 14:45:00,participant1,
15,2021-12-02 15:45:00,participant1,
16,2021-12-02 16:45:00,participant1,
17,2021-12-02 17:45:00,participant1,
18,2021-12-02 18:45:00,participant1,
19,2021-12-02 19:45:00,participant1,
20,2021-12-02 20:45:00,participant1,
21,2021-12-02 21:45:00,participant1,
22,2021-12-02 22:45:00,participant1,
23,2021-12-02 23:45:00,participant1,
24,2021-12-03 00:45:00,participant1,
25,2021-12-03 01:45:00,participant1,
26,2021-12-03 02:45:00,participant1,
27,2021-12-03 03:45:00,participant1,
28,2021-12-03 04:45:00,participant1,
29,2021-12-03 05:45:00,participant1,
30,2021-12-03 06:45:00,participant1,
31,2021-12-03 07:45:00,participant1,
32,2021-12-03 08:45:00,participant1,
33,2021-12-03 09:45:00,participant1,
34,2021-12-03 10:45:00,participant1,
35,2021-12-03 11:45:00,participant1,
36,2021-12-03 12:45:00,participant1,
37,2021-12-03 13:45:00,participant1,
38,2021-12-03 14:45:00,participant1,
39,2021-12-03 15:45:00,participant1,
40,2021-12-03 16:45:00,participant1,
41,2021-12-03 17:45:00,participant1,
42,2021-12-03 18:45:00,participant1,
43,2021-12-03 19:45:00,participant1,
44,2021-12-03 20:45:00,participant1,
45,2021-12-03 21:45:00,participant1,
46,2021-12-03 22:45:00,participant1,
47,2021-12-03 23:45:00,participant1,
48,2021-12-23 00:45:00,participant10,
49,2021-12-23 01:45:00,participant10,
50,2021-12-23 02:45:00,participant10,
51,2021-12-23 03:45:00,participant10,
52,2021-12-23 04:45:00,participant10,
53,2021-12-23 05:45:00,participant10,
54,2021-12-23 06:45:00,participant10,
55,2021-12-23 07:45:00,participant10,
56,2021-12-23 08:45:00,participant10,
57,2021-12-23 09:45:00,participant10,
58,2021-12-23 10:45:00,participant10,
59,2021-12-23 11:45:00,participant10,
60,2021-12-23 12:45:00,participant10,
61,2021-12-23 13:45:00,participant10,
62,2021-12-23 14:45:00,participant10,
63,2021-12-23 15:45:00,participant10,
64,2021-12-23 16:45:00,participant10,
65,2021-12-23 17:45:00,participant10,
66,2021-12-23 18:45:00,participant10,
67,2021-12-23 19:45:00,participant10,
68,2021-12-23 20:45:00,participant10,
69,2021-12-23 21:45:00,participant10,
70,2021-12-23 22:45:00,participant10,
71,2021-12-23 23:45:00,participant10,
72,2021-12-24 00:45:00,participant10,
73,2021-12-24 01:45:00,participant10,
74,2021-12-24 02:45:00,participant10,
75,2021-12-24 03:45:00,participant10,
76,2021-12-24 04:45:00,participant10,
77,2021-12-24 05:45:00,participant10,
78,2021-12-24 06:45:00,participant10,
79,2021-12-24 07:45:00,participant10,
80,2021-12-24 08:45:00,participant10,
81,2021-12-24 09:45:00,participant10,
82,2021-12-24 10:45:00,participant10,
83,2021-12-24 11:45:00,participant10,
84,2021-12-24 12:45:00,participant10,
85,2021-12-24 13:45:00,participant10,
86,2021-12-24 14:45:00,participant10,
87,2021-12-24 15:45:00,participant10,
88,2021-12-24 16:45:00,participant10,
89,2021-12-24 17:45:00,participant10,
90,2021-12-24 18:45:00,participant10,
91,2021-12-24 19:45:00,participant10,
92,2021-12-24 20:45:00,participant10,
93,2021-12-24 21:45:00,participant10,
94,2021-12-24 22:45:00,participant10,
95,2021-12-24 23:45:00,participant10,
96,2021-11-28 00:45:00,participant2,
97,2021-11-28 01:45:00,participant2,
98,2021-11-28 02:45:00,participant2,
99,2021-11-28 03:45:00,participant2,
100,2021-11-28 04:45:00,participant2,
101,2021-11-28 05:45:00,participant2,
102,2021-11-28 06:45:00,participant2,
103,2021-11-28 07:45:00,participant2,
104,2021-11-28 08:45:00,participant2,
105,2021-11-28 09:45:00,participant2,
106,2021-11-28 10:45:00,participant2,
107,2021-11-28 11:45:00,participant2,
108,2021-11-28 12:45:00,participant2,
109,2021-11-28 13:45:00,participant2,
110,2021-11-28 14:45:00,participant2,
111,2021-11-28 15:45:00,participant2,
112,2021-11-28 16:45:00,participant2,
113,2021-11-28 17:45:00,participant2,
114,2021-11-28 18:45:00,participant2,
115,2021-11-28 19:45:00,participant2,
116,2021-11-28 20:45:00,participant2,
117,2021-11-28 21:45:00,participant2,
118,2021-11-28 22:45:00,participant2,
119,2021-11-28 23:45:00,participant2,
120,2021-11-29 00:45:00,participant2,
121,2021-11-29 01:45:00,participant2,
122,2021-11-29 02:45:00,participant2,
123,2021-11-29 03:45:00,participant2,
124,2021-11-29 04:45:00,participant2,
125,2021-11-29 05:45:00,participant2,
126,2021-11-29 06:45:00,participant2,
127,2021-11-29 07:45:00,participant2,
128,2021-11-29 08:45:00,participant2,
129,2021-11-29 09:45:00,participant2,
130,2021-11-29 10:45:00,participant2,
131,2021-11-29 11:45:00,participant2,
132,2021-11-29 12:45:00,participant2,
133,2021-11-29 13:45:00,participant2,
134,2021-11-29 14:45:00,participant2,
135,2021-11-29 15:45:00,participant2,
136,2021-11-29 16:45:00,participant2,
137,2021-11-29 17:45:00,participant2,
138,2021-11-29 18:45:00,participant2,
139,2021-11-29 19:45:00,participant2,
140,2021-11-29 20:45:00,participant2,
141,2021-11-29 21:45:00,participant2,
142,2021-11-29 22:45:00,participant2,
143,2021-11-29 23:45:00,participant2,
144,2021-11-25 00:45:00,participant3,
145,2021-11-25 01:45:00,participant3,
146,2021-11-25 02:45:00,participant3,
147,2021-11-25 03:45:00,participant3,
148,2021-11-25 04:45:00,participant3,
149,2021-11-25 05:45:00,participant3,
150,2021-11-25 06:45:00,participant3,
151,2021-11-25 07:45:00,participant3,
152,2021-11-25 08:45:00,participant3,
153,2021-11-25 09:45:00,participant3,
154,2021-11-25 10:45:00,participant3,
155,2021-11-25 11:45:00,participant3,
156,2021-11-25 12:45:00,participant3,
157,2021-11-25 13:45:00,participant3,
158,2021-11-25 14:45:00,participant3,
159,2021-11-25 15:45:00,participant3,
160,2021-11-25 16:45:00,participant3,
161,2021-11-25 17:45:00,participant3,
162,2021-11-25 18:45:00,participant3,
163,2021-11-25 19:45:00,participant3,
164,2021-11-25 20:45:00,participant3,
165,2021-11-25 21:45:00,participant3,
166,2021-11-25 22:45:00,participant3,
167,2021-11-25 23:45:00,participant3,
168,2021-11-26 00:45:00,participant3,
169,2021-11-26 01:45:00,participant3,
170,2021-11-26 02:45:00,participant3,
171,2021-11-26 03:45:00,participant3,
172,2021-11-26 04:45:00,participant3,
173,2021-11-26 05:45:00,participant3,
174,2021-11-26 06:45:00,participant3,
175,2021-11-26 07:45:00,participant3,
176,2021-11-26 08:45:00,participant3,
177,2021-11-26 09:45:00,participant3,
178,2021-11-26 10:45:00,participant3,
179,2021-11-26 11:45:00,participant3,
180,2021-11-26 12:45:00,participant3,
181,2021-11-26 13:45:00,participant3,
182,2021-11-26 14:45:00,participant3,
183,2021-11-26 15:45:00,participant3,
184,2021-11-26 16:45:00,participant3,
185,2021-11-26 17:45:00,participant3,
186,2021-11-26 18:45:00,participant3,
187,2021-11-26 19:45:00,participant3,
188,2021-11-26 20:45:00,participant3,
189,2021-11-26 21:45:00,participant3,
190,2021-11-26 22:45:00,participant3,
191,2021-11-26 23:45:00,participant3,
192,2021-12-06 00:45:00,participant4,
193,2021-12-06 01:45:00,participant4,
194,2021-12-06 02:45:00,participant4,
195,2021-12-06 03:45:00,participant4,
196,2021-12-06 04:45:00,participant4,
197,2021-12-06 05:45:00,participant4,
198,2021-12-06 06:45:00,participant4,
199,2021-12-06 07:45:00,participant4,
200,2021-12-06 08:45:00,participant4,
201,2021-12-06 09:45:00,participant4,
202,2021-12-06 10:45:00,participant4,
203,2021-12-06 11:45:00,participant4,
204,2021-12-06 12:45:00,participant4,
205,2021-12-06 13:45:00,participant4,
206,2021-12-06 14:45:00,participant4,
207,2021-12-06 15:45:00,participant4,
208,2021-12-06 16:45:00,participant4,
209,2021-12-06 17:45:00,participant4,
210,2021-12-06 18:45:00,participant4,
211,2021-12-06 19:45:00,participant4,
212,2021-12-06 20:45:00,participant4,
213,2021-12-06 21:45:00,participant4,
214,2021-12-06 22:45:00,participant4,
215,2021-12-06 23:45:00,participant4,
216,2021-12-07 00:45:00,participant4,
217,2021-12-07 01:45:00,participant4,
218,2021-12-07 02:45:00,participant4,
219,2021-12-07 03:45:00,participant4,
220,2021-12-07 04:45:00,participant4,
221,2021-12-07 05:45:00,participant4,
222,2021-12-07 06:45:00,participant4,
223,2021-11-28 00:45:00,participant5,
224,2021-11-28 01:45:00,participant5,
225,2021-11-28 02:45:00,participant5,
226,2021-11-28 03:45:00,participant5,
227,2021-11-28 04:45:00,participant5,
228,2021-11-28 05:45:00,participant5,
229,2021-11-28 06:45:00,participant5,
230,2021-11-28 07:45:00,participant5,
231,2021-11-28 08:45:00,participant5,
232,2021-11-28 09:45:00,participant5,
233,2021-11-28 10:45:00,participant5,
234,2021-11-28 11:45:00,participant5,
235,2021-11-28 12:45:00,participant5,
236,2021-11-28 13:45:00,participant5,
237,2021-11-28 14:45:00,participant5,
238,2021-11-28 15:45:00,participant5,
239,2021-11-28 16:45:00,participant5,
240,2021-11-28 17:45:00,participant5,
241,2021-11-28 18:45:00,participant5,
242,2021-11-28 19:45:00,participant5,
243,2021-11-28 20:45:00,participant5,
244,2021-11-28 21:45:00,participant5,
245,2021-11-28 22:45:00,participant5,
246,2021-11-28 23:45:00,participant5,
247,2021-11-29 00:45:00,participant5,
248,2021-11-29 01:45:00,participant5,
249,2021-11-29 02:45:00,participant5,
250,2021-11-29 03:45:00,participant5,
251,2021-11-29 04:45:00,participant5,
252,2021-11-29 05:45:00,participant5,
253,2021-11-29 06:45:00,participant5,
254,2021-11-29 07:45:00,participant5,
255,2021-11-29 08:45:00,participant5,
256,2021-11-29 09:45:00,participant5,
257,2021-11-29 10:45:00,participant5,
258,2021-11-29 11:45:00,participant5,
259,2021-11-29 12:45:00,participant5,
260,2021-11-29 13:45:00,participant5,
261,2021-11-29 14:45:00,participant5,
262,2021-11-29 15:45:00,participant5,
263,2021-11-29 16:45:00,participant5,
264,2021-11-29 17:45:00,participant5,
265,2021-11-29 18:45:00,participant5,
266,2021-11-29 19:45:00,participant5,
267,2021-11-29 20:45:00,participant5,
268,2021-11-29 21:45:00,participant5,
269,2021-11-29 22:45:00,participant5,
270,2021-11-29 23:45:00,participant5,
271,2021-12-06 00:45:00,participant6,
272,2021-12-06 01:45:00,participant6,
273,2021-12-06 02:45:00,participant6,
274,2021-12-06 03:45:00,participant6,
275,2021-12-06 04:45:00,participant6,
276,2021-12-06 05:45:00,participant6,
277,2021-12-06 06:45:00,participant6,
278,2021-12-06 07:45:00,participant6,
279,2021-12-06 08:45:00,participant6,
280,2021-12-06 09:45:00,participant6,
281,2021-12-06 10:45:00,participant6,
282,2021-12-06 11:45:00,participant6,
283,2021-12-06 12:45:00,participant6,
284,2021-12-06 13:45:00,participant6,
285,2021-12-06 14:45:00,participant6,
286,2021-12-06 15:45:00,participant6,
287,2021-12-06 16:45:00,participant6,
288,2021-12-06 17:45:00,participant6,
289,2021-12-06 18:45:00,participant6,
290,2021-12-06 19:45:00,participant6,
291,2021-12-06 20:45:00,participant6,
292,2021-12-06 21:45:00,participant6,
293,2021-12-06 22:45:00,participant6,
294,2021-12-06 23:45:00,participant6,
295,2021-12-07 00:45:00,participant6,
296,2021-12-07 01:45:00,participant6,
297,2021-12-07 02:45:00,participant6,
298,2021-12-07 03:45:00,participant6,
299,2021-12-07 04:45:00,participant6,
300,2021-12-07 05:45:00,participant6,
301,2021-12-07 06:45:00,participant6,
302,2021-12-07 07:45:00,participant6,
303,2021-12-07 08:45:00,participant6,
304,2021-12-07 09:45:00,participant6,
305,2021-12-07 10:45:00,participant6,
306,2021-12-07 11:45:00,participant6,
307,2021-12-07 12:45:00,participant6,
308,2021-12-07 13:45:00,participant6,
309,2021-12-07 14:45:00,participant6,
310,2021-12-07 15:45:00,participant6,
311,2021-12-07 16:45:00,participant6,
312,2021-12-07 17:45:00,participant6,
313,2021-12-07 18:45:00,participant6,
314,2021-12-07 19:45:00,participant6,
315,2021-12-07 20:45:00,participant6,
316,2021-12-07 21:45:00,participant6,
317,2021-12-07 22:45:00,participant6,
318,2021-12-07 23:45:00,participant6,
319,2021-12-12 00:45:00,participant7,
320,2021-12-12 01:45:00,participant7,
321,2021-12-12 02:45:00,participant7,
322,2021-12-12 03:45:00,participant7,
323,2021-12-12 04:45:00,participant7,
324,2021-12-12 05:45:00,participant7,
325,2021-12-12 06:45:00,participant7,
326,2021-12-12 07:45:00,participant7,
327,2021-12-12 08:45:00,participant7,
328,2021-12-12 09:45:00,participant7,
329,2021-12-12 10:45:00,participant7,
330,2021-12-12 11:45:00,participant7,
331,2021-12-12 12:45:00,participant7,
332,2021-12-12 13:45:00,participant7,
333,2021-12-12 14:45:00,participant7,
334,2021-12-12 15:45:00,participant7,
335,2021-12-12 16:45:00,participant7,
336,2021-12-12 17:45:00,participant7,
337,2021-12-12 18:45:00,participant7,
338,2021-12-12 19:45:00,participant7,
339,2021-12-12 20:45:00,participant7,
340,2021-12-12 21:45:00,participant7,
341,2021-12-12 22:45:00,participant7,
342,2021-12-12 23:45:00,participant7,
343,2021-12-13 00:45:00,participant7,
344,2021-12-13 01:45:00,participant7,
345,2021-12-13 02:45:00,participant7,
346,2021-12-13 03:45:00,participant7,
347,2021-12-13 04:45:00,participant7,
348,2021-12-13 05:45:00,participant7,
349,2021-12-13 06:45:00,participant7,
350,2021-12-13 07:45:00,participant7,
351,2021-12-13 08:45:00,participant7,
352,2021-12-13 09:45:00,participant7,
353,2021-12-23 00:45:00,participant8,
354,2021-12-23 01:45:00,participant8,
355,2021-12-23 02:45:00,participant8,
356,2021-12-23 03:45:00,participant8,
357,2021-12-23 04:45:00,participant8,
358,2021-12-23 05:45:00,participant8,
359,2021-12-23 06:45:00,participant8,
360,2021-12-23 07:45:00,participant8,
361,2021-12-23 08:45:00,participant8,
362,2021-12-23 09:45:00,participant8,
363,2021-12-23 10:45:00,participant8,
364,2021-12-23 11:45:00,participant8,
365,2021-12-23 12:45:00,participant8,
366,2021-12-23 13:45:00,participant8,
367,2021-12-23 14:45:00,participant8,
368,2021-12-23 15:45:00,participant8,
369,2021-12-23 16:45:00,participant8,
370,2021-12-23 17:45:00,participant8,
371,2021-12-23 18:45:00,participant8,
372,2021-12-23 19:45:00,participant8,
373,2021-12-23 20:45:00,participant8,
374,2021-12-23 21:45:00,participant8,
375,2021-12-23 22:45:00,participant8,
376,2021-12-23 23:45:00,participant8,
377,2021-12-24 00:45:00,participant8,
378,2021-12-24 01:45:00,participant8,
379,2021-12-24 02:45:00,participant8,
380,2021-12-24 03:45:00,participant8,
381,2021-12-24 04:45:00,participant8,
382,2021-12-24 05:45:00,participant8,
383,2021-12-24 06:45:00,participant8,
384,2021-12-24 07:45:00,participant8,
385,2021-12-24 08:45:00,participant8,
386,2021-12-24 09:45:00,participant8,
387,2021-12-24 10:45:00,participant8,
388,2021-12-24 11:45:00,participant8,
389,2021-12-24 12:45:00,participant8,
390,2021-12-24 13:45:00,participant8,
391,2021-12-24 14:45:00,participant8,
392,2021-12-24 15:45:00,participant8,
393,2021-12-24 16:45:00,participant8,
394,2021-12-24 17:45:00,participant8,
395,2021-12-24 18:45:00,participant8,
396,2021-12-24 19:45:00,participant8,
397,2021-12-24 20:45:00,participant8,
398,2021-12-24 21:45:00,participant8,
399,2021-12-24 22:45:00,participant8,
400,2021-12-24 23:45:00,participant8,
401,2021-12-23 00:45:00,participant9,
402,2021-12-23 01:45:00,participant9,
403,2021-12-23 02:45:00,participant9,
404,2021-12-23 03:45:00,participant9,
405,2021-12-23 04:45:00,participant9,
406,2021-12-23 05:45:00,participant9,
407,2021-12-23 06:45:00,participant9,
408,2021-12-23 07:45:00,participant9,
409,2021-12-23 08:45:00,participant9,
410,2021-12-23 09:45:00,participant9,
411,2021-12-23 10:45:00,participant9,
412,2021-12-23 11:45:00,participant9,
413,2021-12-23 12:45:00,participant9,
414,2021-12-23 13:45:00,participant9,
415,2021-12-23 14:45:00,participant9,
416,2021-12-23 15:45:00,participant9,
417,2021-12-23 16:45:00,participant9,
418,2021-12-23 17:45:00,participant9,
419,2021-12-23 18:45:00,participant9,
420,2021-12-23 19:45:00,participant9,
421,2021-12-23 20:45:00,participant9,
422,2021-12-23 21:45:00,participant9,
423,2021-12-23 22:45:00,participant9,
424,2021-12-23 23:45:00,participant9,
425,2021-12-24 00:45:00,participant9,
426,2021-12-24 01:45:00,participant9,
427,2021-12-24 02:45:00,participant9,
428,2021-12-24 03:45:00,participant9,
429,2021-12-24 04:45:00,participant9,
430,2021-12-24 05:45:00,participant9,
431,2021-12-24 06:45:00,participant9,
432,2021-12-24 07:45:00,participant9,
433,2021-12-24 08:45:00,participant9,
434,2021-12-24 09:45:00,participant9,
435,2021-12-24 10:45:00,participant9,
436,2021-12-24 11:45:00,participant9,
437,2021-12-24 12:45:00,participant9,
438,2021-12-24 13:45:00,participant9,
439,2021-12-24 14:45:00,participant9,
440,2021-12-24 15:45:00,participant9,
441,2021-12-24 16:45:00,participant9,
442,2021-12-24 17:45:00,participant9,
443,2021-12-24 18:45:00,participant9,
444,2021-12-24 19:45:00,participant9,
445,2021-12-24 20:45:00,participant9,
446,2021-12-24 21:45:00,participant9,
447,2021-12-24 22:45:00,participant9,
448,2021-12-24 23:45:00,participant9,
